<?xml version="1.0" encoding="utf-8"?>
<openerp>
    <data>

        <record id="group_not_used" model="res.groups">
            <field name="name">A rendre non utilisable</field>
        </record>

        <record id="group_force_picking_out" model="res.groups">
            <field name="name">Forcer la livraison</field>
        </record>

        <record id="group_viewers" model="res.groups">
            <field name="name">Affichage pour tout le monde</field>
        </record>
        <record id="group_editors" model="res.groups">
            <field name="name">Edition pour tout le monde</field>
        </record>
        <!--<record id="group_dc" model="res.groups">-->
            <!--<field name="name">DC</field>-->
        <!--</record>-->
        <record id="group_warehouse" model="res.groups">
            <field name="name">Stock</field>
        </record>

        <record id="group_margeprcalc" model="res.groups">
            <field name="name">Marge sur PR calculé</field>
        </record>

    </data>
</openerp>
