<?xml version="1.0" encoding="utf-8"?>
<openerp>
    <data noupdate="0">
        <!-- Sequences for purchase.order --> 
        <record id="seq_type_purchase_request" model="ir.sequence.type">
            <field name="name">Purchase Request</field>
            <field name="code">purchase.request</field>
        </record>
        <record id="seq_purchase_request" model="ir.sequence">
            <field name="name">Purchase Request</field>
            <field name="code">purchase.request</field>
            <field name="prefix">PR</field>
            <field name="padding">5</field>
        </record>
    </data>
</openerp>
