<?xml version="1.0" encoding="UTF-8"?>
<openerp>

    <data>

        <record model="ir.ui.view" id="crm_lead_type_form_view">
            <field name="name">crm.lead.type.form</field>
            <field name="model">crm.lead.type</field>
            <field name="type">form</field>
            <field name="arch" type="xml">
                <form string="Type d'Opprtunuité" version="8.O">
                    <group >
                        <field name="name"  />
                    </group>
                    <notebook>
                        <page string="Statuts">
                            <field name="state_ids" nolabel="1">
                                <tree string="Statuts" editable="bottom">
                                    <field name="name"  />
                                </tree>
                            </field>
                        </page>
                    </notebook>
                </form>
            </field>
        </record>

        <record model="ir.ui.view" id="crm_lead_type_tree_view">
            <field name="name">crm.lead.type.tree</field>
            <field name="model">crm.lead.type</field>
            <field name="type">tree</field>
            <field name="arch" type="xml">
                <tree string="Type d'Opprtunuité">
                    <field name="name"  />
                </tree>
            </field>
        </record>

        <record model="ir.actions.act_window" id="action_crm_lead_type_tree_view">
            <field name="name">Types d'Opprtunuité</field>
            <field name="type">ir.actions.act_window</field>
            <field name="res_model">crm.lead.type</field>
            <field name="view_type">form</field>
            <field name="view_mode">tree,form</field>
        </record>

        <menuitem name="Types d'Opprtunuité" id="menu_crm_lead_type_list" parent="base.menu_crm_config_lead" action="action_crm_lead_type_tree_view" sequence="7"/>

        <record id="crm_case_form_view_oppor_inherit" model="ir.ui.view">
            <field name="name">crm.lead.form</field>
            <field name="model">crm.lead</field>
            <field name="inherit_id" ref="crm.crm_case_form_view_oppor"/>
            <field name="arch" type="xml">
                <xpath expr="//header" position="replace">

                </xpath>
                <xpath expr="//label[@for='name']" position="replace">
                    <label for="name" string="Nom du Projet" class="oe_edit_only"/>
                </xpath>
                <xpath expr="//label[@for='name']" position="before">
                    <label for="code" string="Code du Projet" class="oe_edit_only"/>
                    <h1><field name="code"/></h1>
                </xpath>
                <xpath expr="//label[@for='planned_revenue']" position="replace">
                    <label for="planned_revenue" string="Montant d'affaire estimé" class="oe_edit_only"/>
                </xpath>
                <xpath expr="//field[@name='partner_id']" position="replace">
                    <field name="partner_id" invisible="1"/>
                </xpath>
                <xpath expr="//field[@name='email_from']" position="replace">
                    <field name="email_from" invisible="1"/>
                </xpath>
                <xpath expr="//field[@name='phone']" position="replace">
                    <field name="phone" invisible="1"/>
                    <field name="section_id" string="BU"/>
                    <field name="lead_type_id"/>
                    <field name="stage_id" invisible="1"/>
                    <field name="state" string="Statut"/>
                    <field name="spinneret_id"/>
                    <field name="job_id"/>
                    <field name="owner_id"/>
                    <field name="office_study_id" string="Bureau d'Étude"/>
                    <field name="city_id"/>
                    <field name="tender_number" invisible="1"/>
                    <field name="market_number"/>
                </xpath>
                <xpath expr="//field[@name='user_id']" position="replace">
                    <field name="user_id" string="KAM"/>
                    <field name="id" string="ID base" invisible="1"/>
                </xpath>
                <xpath expr="//field[@name='priority']" position="after">
                    <group name="favorite_quotation" colspan="2" col="4">
                        <field name="quotation_id" domain="[('is_quotation','=',True),('opp_id', '=',id)]"/>
                        <field name="partner_id" nolabel="1"/>
                        <field name="quotation_amount" nolabel="1"/>
                    </group>
                    <field name="max_quotations"/>
                    <field name="total_orders"/>
                </xpath>

                <xpath expr="//div[@groups='base.group_multi_salesteams']" position="replace">

                </xpath>
                <xpath expr="//label[@for='section_id']" position="replace">
                    <label for="section_id"  groups="base.group_multi_salesteams" invisible="1"/>
                </xpath>
                <xpath expr="//field[@name='date_deadline']" position="before">
                    <field name="date"/>
                </xpath>
                <xpath expr="//field[@name='date_deadline']" position="replace">
                    <field name="date_deadline" string="Date d'échéance"/>
                </xpath>
                <xpath expr="//field[@name='categ_ids']" position="replace">
                    <field name="categ_ids" widget="many2many_tags" context="{'object_name': 'crm.lead'}" invisible="1"/>
                </xpath>
                <xpath expr="//page[@string='Lead']" position="after">
                    <page string="Devis">
                        <field name="quotations_ids" nolabel="1" >
                            <tree editable="bottom">
                                <field name="name"/>
                                <field name="partner_id"/>
                                <field name="date_order"/>
                                <field name="user_id" string="KAM"/>
                                <field name="section_id" string="Département"/>
                                <field name="payment_term"/>
                                <field name="amount_untaxed"/>
                                <field name="amount_total"/>
                                <field name="state"/>
                            </tree>
                        </field>
                    </page>
                    <page string="Bons de commande">
                        <field name="order_ids" nolabel="1" >
                            <tree editable="bottom">
                                <field name="name"/>
                                <field name="partner_id"/>
                                <field name="date_order"/>
                                <field name="user_id" string="KAM"/>
                                <field name="section_id" string="Département"/>
                                <field name="payment_term"/>
                                <field name="amount_untaxed"/>
                                <field name="amount_total"/>
                                <field name="state"/>
                            </tree>
                        </field>
                    </page>
                    <page string="Livraisons">
                        <!--<field name="move_lines" nolabel="1">-->
                            <!--<tree string="Products" editable="bottom">-->
                                <!--<field name="removal_id" />-->
                                <!--<field name="product_id" />-->
                                <!--<field name="product_uom_qty" />-->
                                <!--<field name="state" />-->
                            <!--</tree>-->
                        <!--</field>-->
                        <field name="picking_ids" nolabel="1"/>
                    </page>
                </xpath>

                <xpath expr="//page[@string='Lead']" position="replace">
                </xpath>

                <xpath expr="//field[@name='priority']" position="replace">
                    <field name="priority" widget="priority" invisible="1"/>
                </xpath>

            </field>
        </record>

        <record id="crm_case_tree_view_oppor_inherit" model="ir.ui.view">
            <field name="name">crm.lead.tree</field>
            <field name="model">crm.lead</field>
            <field name="inherit_id" ref="crm.crm_case_tree_view_oppor"/>
            <field name="arch" type="xml">
                <xpath expr="//field[@name='stage_id']" position="replace">
                    <field name="stage_id" invisible="1"/>
                </xpath>
                <xpath expr="//field[@name='stage_id']" position="after">
                    <field name="state" />
                </xpath>
            </field>
        </record>


        <menuitem name="Pistes" id="crm.menu_crm_leads" parent="base.menu_sales" sequence="5" action="crm.crm_case_category_act_leads_all" groups="crm_prospecting.group_not_used"/>
        <menuitem name="Opportunités" id="crm.menu_crm_opportunities" parent="base.menu_sales" sequence="6" action="crm.crm_case_category_act_oppor11"/>
        <menuitem id="sale.menu_sale_quotations" action="sale.action_quotations" parent="base.menu_sales" sequence="7"/>
        <menuitem action="sale.action_orders" id="sale.menu_sale_order" parent="base.menu_sales" sequence="8" groups="base.group_sale_salesman,base.group_sale_manager"/>


        <record model="ir.ui.view" id="crm_job_form_view">
            <field name="name">crm.job.form</field>
            <field name="model">crm.job</field>
            <field name="type">form</field>
            <field name="arch" type="xml">
                <form string="Métier" version="8.O">
                    <group >
                        <field name="name"  />
                    </group>
                </form>
            </field>
        </record>

        <record model="ir.ui.view" id="crm_job_tree_view">
            <field name="name">crm.job.tree</field>
            <field name="model">crm.job</field>
            <field name="type">tree</field>
            <field name="arch" type="xml">
                <tree string="Métier">
                    <field name="name"  />
                </tree>
            </field>
        </record>

        <record model="ir.actions.act_window" id="action_crm_job_tree_view">
            <field name="name">Métiers</field>
            <field name="type">ir.actions.act_window</field>
            <field name="res_model">crm.job</field>
            <field name="view_type">form</field>
            <field name="view_mode">tree,form</field>
        </record>

        <menuitem name="Métiers" id="menu_crm_job_list" parent="base.menu_crm_config_lead" action="action_crm_job_tree_view" sequence="8"/>
        <!--<menuitem action="base.action_partner_category_form" id="base.menu_partner_category_form" name="Catégories Client" sequence="4" parent="base.menu_config_address_book" groups="base.group_no_one"/>-->

        <record model="ir.ui.view" id="crm_city_form_view">
            <field name="name">crm.city.form</field>
            <field name="model">crm.city</field>
            <field name="type">form</field>
            <field name="arch" type="xml">
                <form string="city" version="8.O">
                    <group >
                        <field name="name"  />
                        <field name="province"  />
                        <field name="region"  />
                        <field name="zip_code"  />
                    </group>
                </form>
            </field>
        </record>

        <record model="ir.ui.view" id="crm_city_tree_view">
            <field name="name">crm.city.tree</field>
            <field name="model">crm.city</field>
            <field name="type">tree</field>
            <field name="arch" type="xml">
                <tree string="City">
                    <field name="name"  />
                    <field name="province"  />
                    <field name="region"  />
                    <field name="zip_code"  />
                </tree>
            </field>
        </record>

        <record model="ir.actions.act_window" id="action_crm_city_tree_view">
            <field name="name">Villes</field>
            <field name="type">ir.actions.act_window</field>
            <field name="res_model">crm.city</field>
            <field name="view_type">form</field>
            <field name="view_mode">tree,form</field>
        </record>

        <menuitem name="Villes" id="menu_crm_city_list" parent="base.menu_crm_config_lead" action="action_crm_city_tree_view" sequence="9"/>

        <record id="crm_case_section_view_form_inherit" model="ir.ui.view">
            <field name="name">crm.case.section.form.inherit1</field>
            <field name="model">crm.case.section</field>
            <field name="inherit_id" ref="sales_team.crm_case_section_view_form"/>
            <field name="arch" type="xml">
                <xpath expr="//field[@name='active']" position="before">
                    <field name="location_id" />
                </xpath>
                <xpath expr="//field[@name='change_responsible']" position="replace">
                    <field name="change_responsible" invisible="1" />
                </xpath>
                <xpath expr="//page[@string='Notes']" position="after">
                    <page string="Filières">
                        <field name="spinneret_ids" nolabel="1">
                            <tree string="Filières" editable="bottom">
                                <field name="name"  />
                            </tree>
                        </field>
                    </page>
                </xpath>
            </field>
        </record>

        <record id="sales_team_form_view_in_crm_inherit2" model="ir.ui.view">
            <field name="name">crm.case.section.form.inherit2</field>
            <field name="model">crm.case.section</field>
            <field name="inherit_id" ref="crm.sales_team_form_view_in_crm"/>
            <field name="arch" type="xml">
                <xpath expr="//label[@for='use_leads']" position="replace">
                </xpath>
                <xpath expr="//page[@string='Stages']" position="replace">
                </xpath>
                <xpath expr="//field[@name='use_leads']" position="replace">
                    <field name="use_leads" invisible="1" />
                </xpath>
            </field>
        </record>

        <record id="crm_case_section_salesteams_view_form_inherit3" model="ir.ui.view">
            <field name="name">crm.case.section.form.inherit3</field>
            <field name="model">crm.case.section</field>
            <field name="inherit_id" ref="sale.crm_case_section_salesteams_view_form"/>
            <field name="arch" type="xml">
                <xpath expr="//field[@name='invoiced_forecast']" position="replace">
                    <field name="invoiced_forecast" string="CA Facturé" readonly="1" invisible="1"/>
                </xpath>
                <xpath expr="//field[@name='invoiced_forecast']" position="after">
                    <field name="total_invoiced" string="CA Facturé" readonly="1" />
                </xpath>
            </field>
        </record>

        <record model="ir.ui.view" id="crm_case_form_view_oppor_inherit4">
            <field name="name">crm.lead.form.inherit4</field>
            <field name="model">crm.lead</field>
            <field name="inherit_id" ref="sale_crm.crm_case_form_view_oppor"/>
            <field name="arch" type="xml">
                <xpath expr="//button[@name='%(sale_crm.action_crm_make_sale)d']" position="replace">
                    <!--<button attrs="{'invisible': [('probability', '&lt;', 100)]}" string="Create Quotation" name="%(sale_crm.action_crm_make_sale)d" type="action" invisible="1"/>-->
                    <!--<button string="Create Quotation" name="%(sale_crm.action_crm_make_sale)d" type="action" invisible="1"/>-->
                </xpath>
                <xpath expr="//button[@name='%(sale_crm.action_crm_make_sale)d']" position="replace">
                    <!--<button attrs="{'invisible': [('probability', '=', 100)]}" string="Convert to Quotation" name="%(sale_crm.action_crm_make_sale)d" type="action" class="oe_highlight" invisible="1"/>-->
                    <!--<button string="Convert to Quotation" name="%(sale_crm.action_crm_make_sale)d" type="action" class="oe_highlight" invisible="1"/>-->
                </xpath>
            </field>
        </record>

        <record model="ir.ui.view" id="crm_spinneret_form_view">
            <field name="name">crm.spinneret.form</field>
            <field name="model">crm.spinneret</field>
            <field name="type">form</field>
            <field name="arch" type="xml">
                <form string="spinneret" version="8.O">
                    <group >
                        <field name="name"  />
                    </group>
                    <notebook>
                        <page string="Métiers">
                            <field name="job_ids" nolabel="1">
                                <tree string="Métiers" editable="bottom">
                                    <field name="name"  />
                                </tree>
                            </field>
                        </page>
                    </notebook>
                </form>
            </field>
        </record>

        <record model="ir.ui.view" id="crm_spinneret_tree_view">
            <field name="name">crm.spinneret.tree</field>
            <field name="model">crm.spinneret</field>
            <field name="type">tree</field>
            <field name="arch" type="xml">
                <tree string="spinneret">
                    <field name="name"  />
                </tree>
            </field>
        </record>

        <record model="ir.actions.act_window" id="action_crm_spinneret_tree_view">
            <field name="name">Filières</field>
            <field name="type">ir.actions.act_window</field>
            <field name="res_model">crm.spinneret</field>
            <field name="view_type">form</field>
            <field name="view_mode">tree,form</field>
        </record>

        <menuitem id="menu_crm_spinneret_list" parent="base.menu_crm_config_lead" action="action_crm_spinneret_tree_view" sequence="11"/>


    </data>

</openerp>
